<?xml version="1.0" encoding="UTF-8"?>
<Root VersionMajor="1" VersionMinor="15">
  <GenAppInfo Name="Vivado" Version="2019.2" CL="2708876" TimeStamp="Tue Dec  1 20:36:38 2020"/>
  <DSA Vendor="xilinx" BoardId="zybo-z7-10" Name="" VersionMajor="0" VersionMinor="0" Description="Vivado generated Hardware Platform" FeatureRomTimestamp="0" DcpLogicFunctionStripped="false" DcpEncrypt="false" Unified="true" Fixed="true" DefaultOutputType="hw_export">
    <Build UsesPR="false" PlatformState="pre_synth" AcceleratorBinaryContent="bitstream" ValidBinaryContentValues="dcp,bitstream" TopModuleName="design_v1_wrapper"/>
    <Board Name="digilentinc.com:zybo-z7-10:1.0" Vendor="digilentinc.com" Part="xc7z010clg400-1" BoardPart="digilentinc.com:zybo-z7-10:part0:1.0">
      <Images>
        <Img Type="HDPI" File=""/>
        <Img Type="MDPI" File=""/>
        <Img Type="LDPI" File=""/>
      </Images>
    </Board>
    <Devices>
      <Device Name="fpga0" Type="8" FpgaDevice="zynq:xc7z010:clg400:-1">
        <Core Name="OCL_REGION_0" Type="clc_region" ComputeUnits="60"/>
      </Device>
    </Devices>
    <Files>
      <File Type="FULL_BIT" Name="design_v7_wrapper.bit"/>
      <File Type="BOARD_REPO_PATH" Name="board"/>
    </Files>
  </DSA>
</Root>
